,Creditability,Account Balance,Duration of Credit (month),Payment Status of Previous Credit,Purpose,Credit Amount,Value Savings/Stocks,Length of current employment,Instalment per cent,Sex & Marital Status,Most valuable available asset,Age (years),Concurrent Credits,Type of apartment,No of Credits at this Bank,Occupation,Telephone
0,1,1,18,3,2,1049,1,1,4,1,2,21,2,1,1,2,1
1,1,1,9,3,0,2799,1,2,2,2,1,36,2,1,2,2,1
2,1,2,12,2,0,841,2,3,2,1,1,23,2,1,1,1,1
3,1,1,12,3,0,2122,1,2,3,2,1,39,2,1,2,1,1
4,1,1,12,3,0,2171,1,2,4,2,2,38,1,2,2,1,1
5,1,1,10,3,0,2241,1,1,1,2,1,48,2,1,2,1,1
6,1,1,8,3,0,3398,1,3,1,2,1,39,2,2,2,1,1
7,1,1,6,3,0,1361,1,1,2,2,1,40,2,2,1,1,1
8,1,3,18,3,3,1098,1,1,4,1,3,65,2,2,2,1,1
9,1,2,24,2,3,3758,3,1,1,1,4,23,2,1,1,1,1
10,1,1,11,3,0,3905,1,2,2,2,1,36,2,1,2,2,1
11,1,1,30,3,1,6187,2,3,1,3,3,24,2,1,2,2,1
12,1,1,6,3,3,1957,1,3,1,1,3,31,2,2,1,2,1
13,1,2,48,3,0,7582,2,1,2,2,4,31,2,2,1,3,2
14,1,1,18,2,3,1936,4,3,2,3,3,23,2,1,2,1,1
15,1,1,6,2,3,2647,3,2,2,2,1,44,2,1,1,2,1
16,1,1,11,3,0,3939,1,2,1,2,1,40,2,2,2,1,1
17,1,2,18,2,3,3213,3,1,1,3,1,25,2,1,1,2,1
18,1,2,36,3,3,2337,1,4,4,2,1,36,2,2,1,2,1
19,1,3,11,3,0,7228,1,2,1,2,2,39,2,2,2,1,1
20,1,1,6,3,0,3676,1,2,1,2,1,37,2,1,2,2,1
21,1,2,12,3,0,3124,1,1,1,2,1,49,1,2,2,1,1
22,0,2,36,2,3,2384,1,1,4,2,4,33,2,1,1,1,1
23,1,2,12,3,3,1424,1,3,4,2,2,26,2,2,1,2,1
24,1,1,6,3,0,4716,4,1,1,2,1,44,2,2,2,1,1
25,1,2,11,3,3,4771,1,3,2,2,2,51,2,2,1,2,1
26,1,1,12,2,2,652,1,4,4,1,2,24,2,1,1,2,1
27,1,2,9,3,3,1154,1,4,2,2,1,37,2,2,2,1,1
28,1,3,15,2,0,3556,4,2,3,2,4,29,2,2,1,2,1
29,1,3,42,3,1,4796,1,4,4,2,4,56,2,3,1,2,1
30,1,3,30,3,3,3017,1,4,4,2,2,47,2,2,1,2,1
31,1,3,36,3,0,3535,1,3,4,2,3,37,2,2,2,2,2
32,1,3,36,3,0,6614,1,4,4,2,3,34,2,2,2,3,2
33,1,3,24,2,3,1376,3,3,4,1,3,28,2,2,1,2,1
34,1,1,15,2,0,1721,1,1,2,2,1,36,2,2,1,2,1
35,1,1,6,3,0,860,1,4,1,1,4,39,2,2,2,2,2
36,1,3,12,3,0,1495,1,4,4,2,1,38,2,2,2,1,1
37,1,3,12,3,3,1934,1,4,2,2,4,26,2,2,2,2,1
38,1,3,18,2,1,3378,4,2,2,2,2,31,2,2,1,2,2
39,1,3,24,3,1,3868,1,4,4,1,3,41,2,1,2,3,2
40,1,3,12,3,3,996,4,3,4,1,1,23,2,2,2,2,1
41,1,1,24,2,0,1755,1,4,4,1,1,58,2,2,1,1,2
42,1,3,18,3,0,1028,1,2,4,1,1,36,2,2,2,2,1
43,1,2,24,3,0,2825,4,3,4,2,4,34,2,2,2,2,2
44,1,2,18,2,3,1239,4,2,4,2,4,61,2,3,1,2,1
45,0,1,18,2,0,1216,1,1,4,1,3,23,2,1,1,2,2
46,1,3,24,2,0,1258,1,3,4,2,1,25,2,2,1,2,2
47,0,3,18,3,3,1864,2,2,4,1,1,30,2,2,2,2,1
48,1,3,24,2,0,1474,2,1,4,3,1,33,2,2,1,2,2
49,1,1,24,3,0,1382,2,3,4,2,1,26,2,2,2,2,2
50,1,3,12,2,0,640,1,2,4,1,1,49,2,2,1,1,1
51,1,3,36,2,3,3919,1,2,2,2,1,23,2,2,1,2,2
52,1,3,9,3,0,1224,1,2,3,2,1,30,2,2,2,2,1
53,1,3,12,3,3,2331,4,4,1,2,1,49,2,2,1,2,2
54,1,3,24,2,1,6313,4,4,3,2,3,41,2,2,1,3,2
55,1,1,12,3,3,385,1,3,4,1,1,58,2,2,2,1,2
56,1,3,12,3,3,1655,1,4,2,2,1,63,2,2,2,1,2
57,1,1,15,2,3,1053,1,1,4,3,1,27,2,2,1,2,1
58,1,3,21,2,3,3160,4,4,4,2,2,41,2,2,1,2,2
59,1,3,36,2,0,3079,4,2,4,2,1,36,2,2,1,2,1
60,1,3,12,3,0,1163,3,2,4,2,1,44,2,2,1,2,2
61,1,3,24,2,1,2679,1,1,4,1,4,29,2,2,1,3,2
62,1,3,48,3,3,3578,4,4,4,2,1,47,2,2,1,2,2
63,1,3,36,3,0,10875,1,4,2,2,3,45,2,2,2,2,2
64,1,1,12,3,0,1344,1,2,4,2,1,43,2,2,2,1,1
65,1,3,6,3,3,1237,2,2,1,1,2,27,2,2,2,2,1
66,1,3,12,2,3,3077,1,2,2,2,3,52,2,2,1,2,2
67,1,3,24,2,3,2284,1,3,4,2,3,28,2,2,1,2,2
68,1,2,12,2,3,1567,1,2,1,1,3,22,2,2,1,2,2
69,1,3,24,3,0,2032,1,4,4,2,4,60,2,3,2,2,2
70,1,2,21,3,2,2745,3,3,3,2,3,32,2,2,2,2,2
71,1,3,30,2,3,1867,4,4,4,2,3,58,2,2,1,2,2
72,1,3,36,2,3,2299,3,4,4,2,3,39,2,2,1,2,1
73,1,3,24,2,2,929,4,3,4,2,3,31,1,2,1,2,2
74,1,3,12,2,3,3399,4,4,2,2,3,37,2,2,1,3,1
75,1,2,9,2,2,2030,4,3,2,2,3,24,2,2,1,2,2
76,1,3,21,3,1,3275,1,4,1,2,3,36,2,2,1,3,2
77,1,3,24,3,0,1940,3,4,4,2,1,60,2,2,1,2,2
78,1,1,21,3,0,1602,1,4,4,3,3,30,2,2,2,2,2
79,1,3,15,2,3,1979,4,4,4,2,3,35,2,2,1,2,1
80,1,3,24,3,0,2022,1,2,4,1,3,37,2,2,1,2,2
81,1,3,36,3,3,3342,4,4,4,2,3,51,2,2,1,2,2
82,1,2,18,2,0,5866,2,2,2,2,3,30,2,2,2,2,2
83,1,3,15,3,1,2360,3,2,2,2,3,36,2,2,1,2,2
84,1,3,15,3,2,1520,4,4,4,2,2,63,2,2,1,2,1
85,1,1,12,2,0,3651,3,2,1,2,2,31,2,2,1,2,1
86,1,3,24,3,1,2346,1,3,4,2,3,35,2,2,2,2,2
87,1,3,36,3,3,4454,1,2,4,1,1,34,2,2,2,2,1
88,1,1,6,3,0,666,3,3,3,1,1,39,2,2,2,1,2
89,1,2,24,3,0,1965,4,2,4,1,3,42,2,1,2,2,2
90,1,2,12,3,0,1995,2,1,4,2,3,27,2,2,1,2,1
91,1,2,30,2,3,2991,4,4,2,1,3,25,2,2,1,2,1
92,1,2,30,1,0,4221,1,2,2,1,3,28,2,2,2,2,1
93,1,1,9,2,3,1364,1,3,3,2,1,59,2,2,1,2,1
94,1,2,18,3,2,6361,1,4,2,2,4,41,2,2,1,2,2
95,1,3,27,3,2,4526,3,1,4,2,1,32,1,2,2,1,2
96,1,2,12,3,3,3573,1,2,1,1,1,23,2,2,1,1,1
97,0,2,36,3,0,4455,1,2,2,1,1,30,1,2,2,3,2
98,1,1,9,2,2,2136,1,2,3,2,1,25,2,2,1,2,1
99,1,2,42,3,0,5954,1,3,2,1,1,41,1,2,2,1,1
100,1,3,24,3,2,3777,3,2,4,2,1,40,2,2,1,2,2
101,1,1,15,2,0,806,1,2,4,1,2,22,2,2,1,1,1
102,1,2,24,3,0,4712,4,2,4,2,2,34,1,2,2,3,2
103,1,2,36,3,0,7432,1,2,2,1,2,54,2,1,1,2,1
104,1,3,24,3,3,1851,1,3,4,3,3,33,2,2,2,2,2
105,1,3,24,2,0,1393,1,2,2,2,1,31,2,2,1,2,2
106,1,3,12,3,0,1412,1,2,4,1,1,29,2,2,2,3,2
107,1,3,18,2,3,1473,1,1,3,3,1,39,2,2,1,2,2
108,1,3,24,2,3,1533,1,1,4,1,3,38,1,2,1,2,2
109,1,3,12,3,3,2012,4,3,4,1,3,61,2,2,1,2,1
110,0,1,15,2,0,3959,1,2,3,1,2,29,2,2,1,2,2
111,1,1,6,2,2,428,1,4,2,1,2,49,1,2,1,2,2
112,1,2,12,3,0,2366,3,3,3,1,3,36,2,2,1,3,2
113,1,3,12,2,2,763,1,2,4,1,1,26,2,2,1,2,2
114,1,2,21,2,2,3976,4,3,2,2,3,35,2,2,1,2,2
115,1,2,18,2,0,6260,1,3,3,2,1,28,2,1,1,1,1
116,1,2,9,3,2,1919,1,3,4,2,3,35,2,1,1,2,2
117,1,3,24,2,1,2603,3,2,2,1,3,28,2,1,1,2,2
118,1,3,9,3,3,936,3,4,4,2,3,52,2,2,2,2,2
119,1,3,24,2,2,3062,3,4,4,2,4,32,2,1,1,2,2
120,1,2,36,2,3,4795,1,1,4,1,4,30,2,2,1,3,2
121,1,3,36,3,1,5842,1,4,2,2,2,35,2,2,2,2,2
122,1,2,6,2,3,2063,1,1,4,3,3,30,2,1,1,3,2
123,1,3,15,3,3,1459,1,2,4,1,3,43,2,2,1,1,1
124,1,3,15,2,3,1213,3,4,4,2,2,47,1,2,1,2,2
125,1,3,24,3,3,5103,1,1,3,3,4,47,2,3,2,2,2
126,1,3,15,2,3,874,4,1,4,1,1,24,2,2,1,2,1
127,1,3,6,2,2,2978,3,2,1,2,3,32,2,2,1,2,2
128,1,3,18,2,0,1820,1,2,2,3,2,30,2,2,1,3,2
129,1,3,24,3,3,2872,2,4,3,2,1,36,2,2,1,2,2
130,1,3,24,2,2,1925,1,2,2,2,1,26,2,2,1,2,1
131,1,3,18,2,2,2515,1,2,3,2,1,43,2,2,1,2,2
132,1,3,6,2,2,2116,1,2,2,2,1,41,2,2,1,2,2
133,1,3,18,2,3,1453,1,1,3,1,1,26,2,2,1,2,1
134,1,3,10,2,0,1364,1,2,2,1,3,64,2,2,1,2,2
135,1,3,6,2,2,1543,3,2,4,1,1,33,2,2,1,2,1
136,1,2,12,2,0,1318,3,4,4,2,1,54,2,2,1,2,2
137,1,1,24,1,0,2325,2,3,2,2,3,32,1,2,1,2,1
138,1,2,6,3,0,932,4,3,1,1,2,39,2,2,2,1,1
139,1,3,24,3,3,3148,4,2,3,2,3,31,2,2,2,2,2
140,1,3,36,2,3,3835,4,4,2,1,1,45,2,2,1,1,2
141,1,3,9,2,3,3832,4,4,1,2,1,64,2,2,1,1,1
142,1,2,24,2,3,5084,4,4,2,1,3,42,2,2,1,2,2
143,1,3,9,3,2,2406,1,1,2,2,3,31,2,2,1,3,1
144,1,3,36,2,3,2394,4,2,4,1,3,25,2,2,1,2,1
145,1,3,21,2,1,2476,4,4,4,2,1,46,2,2,1,3,2
146,1,1,24,2,1,2964,4,4,4,2,4,49,1,3,1,2,2
147,1,1,12,2,2,1262,4,4,2,1,2,49,2,2,1,1,2
148,1,3,12,2,0,1542,1,3,2,2,3,36,2,2,1,2,2
149,1,2,24,3,3,1743,1,4,4,2,2,48,2,2,2,1,1
150,1,3,12,1,3,409,3,2,3,1,1,42,2,1,2,2,1
151,1,3,12,2,3,2171,1,1,2,1,3,29,1,2,1,2,1
152,1,3,48,3,1,8858,4,3,2,2,4,35,2,3,2,2,2
153,1,2,24,2,0,3512,2,3,2,2,3,38,1,2,2,2,2
154,1,2,12,2,3,1158,3,2,3,1,3,26,2,2,1,2,2
155,1,3,24,3,3,2684,1,2,4,2,1,35,2,2,2,1,1
156,1,1,12,2,3,1498,1,2,4,1,3,23,1,2,1,2,1
157,1,3,30,3,3,5954,1,3,3,2,3,38,2,2,1,2,1
158,0,2,48,1,0,6416,1,4,4,1,4,59,2,1,1,2,1
159,1,2,12,3,2,3617,1,4,1,2,3,28,2,1,2,2,2
160,1,3,12,3,3,1291,1,2,4,1,2,35,2,2,2,2,1
161,1,3,24,3,0,1275,3,2,2,1,1,36,2,2,2,2,2
162,1,3,24,2,2,3972,1,3,2,1,2,25,2,1,1,2,2
163,1,3,15,3,2,3343,1,2,4,2,4,28,2,3,1,2,2
164,1,3,15,2,3,392,1,1,4,1,2,23,2,1,1,2,2
165,1,3,9,3,0,2134,1,2,4,2,3,48,2,2,2,2,2
166,1,3,30,3,3,5771,1,3,4,1,3,25,2,2,2,2,1
167,1,3,24,3,0,4526,1,2,3,2,1,74,2,2,1,3,2
168,1,3,15,3,2,2788,1,3,2,1,3,24,1,2,2,2,1
169,1,3,6,3,3,1382,1,2,1,1,3,28,2,2,2,2,2
170,1,3,36,2,3,5848,1,2,4,2,3,24,2,2,1,2,1
171,0,1,12,2,0,1228,1,2,4,1,1,24,2,2,1,1,1
172,1,3,12,2,3,1297,1,2,3,3,1,23,2,1,1,2,1
173,1,3,24,2,3,1552,1,3,3,2,3,32,1,2,1,2,1
174,1,3,12,2,3,1963,1,3,4,2,3,31,2,1,2,3,2
175,1,3,24,2,3,3235,3,4,3,1,3,36,2,2,1,3,2
176,1,3,24,3,0,4139,2,2,3,2,2,27,2,2,2,1,2
177,1,2,12,3,1,1804,2,1,3,2,2,44,2,2,1,2,1
178,1,3,18,2,0,1950,1,3,4,2,3,34,1,2,2,2,2
179,1,3,48,3,3,12749,3,3,4,2,3,37,2,2,1,3,2
180,1,3,9,2,3,1236,1,1,1,1,1,23,2,1,1,2,2
181,1,3,18,3,0,1055,1,1,4,1,2,30,2,2,2,2,1
182,1,1,30,1,0,8072,4,1,2,2,3,25,1,2,2,2,1
183,1,3,30,3,3,2831,1,2,4,1,3,33,2,2,1,2,2
184,1,3,9,2,0,1449,1,3,3,1,3,27,2,2,2,2,1
185,1,3,36,2,0,5742,2,3,2,2,3,31,2,2,2,2,2
186,1,3,12,2,0,2390,4,4,4,2,3,50,2,2,1,2,2
187,1,3,24,2,3,3430,3,4,3,2,3,31,2,2,1,2,2
188,1,2,36,2,3,2273,1,3,3,2,3,32,2,2,2,2,1
189,1,3,21,2,0,2923,2,2,1,1,3,28,1,2,1,3,2
190,1,3,24,2,3,1901,2,2,4,2,3,29,2,1,1,3,2
191,1,2,36,2,3,3711,4,2,2,3,3,27,2,2,1,2,1
192,1,2,48,2,0,8487,4,3,1,1,3,24,2,2,1,2,1
193,1,3,24,2,0,2255,4,1,4,2,2,54,2,2,1,2,1
194,1,3,12,2,3,1262,1,2,3,2,3,25,2,2,1,2,1
195,1,3,33,3,1,7253,1,3,3,2,3,35,2,2,2,3,2
196,1,3,6,3,0,6761,1,3,1,2,4,45,2,2,2,3,2
197,1,3,18,3,2,1817,1,2,4,1,4,28,2,2,2,2,1
198,1,3,12,2,3,2141,2,3,3,2,4,35,2,2,1,2,1
199,1,3,48,1,0,3609,1,2,1,1,1,27,1,2,1,2,1
200,1,3,30,2,3,2333,3,4,4,2,3,30,1,2,1,3,1
201,1,3,28,1,1,7824,4,1,3,2,1,40,1,1,2,2,2
202,1,3,18,1,3,1445,4,3,4,2,3,49,1,2,1,1,1
203,1,1,24,2,2,7721,4,1,1,1,2,30,2,2,1,2,2
204,1,1,21,2,0,3763,4,3,2,2,1,24,2,2,1,1,1
205,1,2,18,2,0,4439,1,4,1,2,1,33,1,2,1,3,2
206,1,1,12,2,3,1107,1,2,2,2,1,20,2,1,1,3,2
207,1,2,15,2,3,1444,4,1,4,2,2,23,2,2,1,2,1
208,1,2,48,1,0,12169,4,1,4,2,4,36,2,3,1,3,2
209,1,3,9,2,3,2753,2,4,3,2,3,35,2,2,1,2,2
210,1,3,4,2,0,1494,4,1,1,2,1,29,2,2,1,1,1
211,1,1,24,1,2,2828,3,2,4,2,1,22,1,2,1,2,2
212,1,1,24,1,2,2483,3,2,4,2,1,22,1,2,1,2,2
213,1,3,6,3,0,1299,1,2,1,2,1,74,2,2,2,1,1
214,1,2,9,2,0,1549,4,1,4,2,1,35,2,2,1,1,1
215,1,3,10,2,0,3949,1,1,1,2,2,37,2,2,1,1,1
216,1,3,10,2,1,2901,4,1,1,1,1,31,2,1,1,2,1
217,1,3,6,2,0,709,3,1,2,3,1,27,2,2,1,1,1
218,1,1,47,2,0,10722,1,1,1,1,1,35,2,2,1,1,2
219,1,3,10,2,0,1287,4,4,4,2,2,45,2,2,1,1,1
220,1,1,18,1,3,1940,1,1,3,2,4,36,1,3,1,3,2
221,1,3,30,3,3,3656,4,4,4,2,2,49,1,2,2,1,1
222,1,3,24,3,1,4679,1,3,3,2,3,35,2,2,2,1,2
223,1,3,27,3,1,8613,3,2,2,2,3,27,2,2,2,2,1
224,1,1,18,2,2,2659,3,2,4,2,3,28,2,2,1,2,1
225,1,3,24,3,3,1516,3,2,4,1,1,43,2,2,2,1,1
226,1,1,18,2,0,4380,2,2,3,2,3,35,2,2,1,1,2
227,1,3,14,3,0,802,1,2,4,2,3,27,2,2,2,1,1
228,1,3,21,2,0,1572,3,4,4,1,1,36,1,2,1,1,1
229,1,2,48,1,0,3566,2,3,4,2,3,30,2,2,1,2,1
230,1,3,24,2,3,1278,1,4,4,2,1,36,2,2,1,3,2
231,1,3,6,1,3,426,1,4,4,3,3,39,2,2,1,1,1
232,1,3,39,2,1,8588,2,4,4,2,3,45,2,2,1,3,2
233,1,1,30,2,1,3857,1,2,4,1,2,40,2,2,1,3,2
234,0,2,12,2,0,685,1,3,2,3,3,25,1,2,1,1,1
235,1,1,24,2,3,1603,1,4,4,1,3,55,2,2,1,2,1
236,1,3,21,2,2,2241,1,4,4,2,1,50,2,2,2,2,1
237,1,1,24,2,3,2384,1,4,4,2,1,64,1,1,1,1,1
238,1,3,4,2,2,601,1,1,1,1,1,23,2,1,1,1,1
239,1,3,39,2,1,2569,3,2,4,2,3,24,2,2,1,2,1
240,1,3,15,3,3,1316,3,2,2,3,2,47,2,2,2,1,1
241,1,3,60,2,0,10366,1,4,2,2,2,42,2,2,1,3,2
242,1,3,18,2,0,1568,2,2,3,1,2,24,2,1,1,1,1
243,1,3,18,3,3,629,3,4,4,2,2,32,1,2,2,3,2
244,1,3,6,1,3,1750,3,4,2,2,2,45,1,2,1,1,1
245,1,3,24,2,1,3488,2,3,3,1,3,23,2,2,1,2,1
246,1,3,18,3,3,1800,1,2,4,2,3,24,2,2,2,2,1
247,1,3,24,3,2,4151,2,2,2,2,2,35,2,2,2,2,1
248,1,2,15,2,3,2631,2,2,3,1,1,25,2,2,1,1,1
249,1,3,21,2,1,5248,4,2,1,2,3,26,2,2,1,2,1
250,1,2,18,3,0,2899,4,4,4,2,3,43,2,2,1,2,1
251,1,2,18,3,3,6204,1,2,2,2,1,44,2,2,1,1,2
252,1,3,12,2,3,804,1,4,4,2,3,38,2,2,1,2,1
253,1,3,36,2,3,3595,1,4,4,2,3,28,2,2,1,2,1
254,1,3,36,3,1,5711,3,4,4,2,3,38,2,2,2,3,2
255,1,3,15,2,0,2687,1,3,2,2,2,26,2,1,1,2,2
256,1,1,15,3,2,3643,1,4,1,1,2,27,2,2,2,1,1
257,1,3,10,3,2,2146,1,1,1,1,1,23,2,1,2,2,1
258,1,1,10,2,3,2315,1,4,3,2,1,52,2,2,1,1,1
259,1,3,5,2,0,3448,1,3,1,2,1,74,2,2,1,1,1
260,1,3,15,2,2,2708,1,1,2,2,2,27,1,2,2,1,1
261,1,3,11,3,0,1393,1,1,4,1,3,35,2,2,2,3,1
262,1,3,10,2,2,1275,1,1,4,1,2,23,2,2,1,2,1
263,1,3,9,2,2,1313,1,4,1,2,3,20,2,2,1,2,1
264,1,3,12,2,3,1493,1,1,4,1,3,34,2,2,1,2,1
265,1,3,22,2,3,2675,3,4,3,2,3,40,2,2,1,2,1
266,1,2,9,2,3,2118,1,2,2,2,1,37,2,2,1,1,1
267,1,3,36,2,0,909,3,4,4,2,2,36,2,2,1,2,1
268,1,3,12,3,2,1258,1,1,2,1,2,22,2,1,2,1,1
269,1,3,15,1,3,1569,2,4,4,2,3,34,1,2,1,1,1
270,1,3,6,2,1,1236,3,2,2,2,2,50,2,1,1,2,1
271,1,3,36,3,2,7678,3,3,2,1,3,40,2,2,2,2,2
272,1,3,6,2,3,660,3,3,2,3,1,23,2,1,1,1,1
273,1,3,24,2,2,2835,3,4,3,2,2,53,2,2,1,2,1
274,1,3,24,2,1,2670,1,4,4,2,3,35,2,2,1,3,2
275,1,3,12,1,0,3447,3,2,4,1,1,35,2,2,1,1,1
276,1,3,15,2,3,3568,1,4,4,1,3,54,1,1,1,3,2
277,1,2,21,3,0,3652,1,3,2,2,2,27,2,2,2,2,1
278,1,1,24,2,3,3660,1,2,2,1,3,28,2,2,1,2,1
279,1,3,9,2,3,1126,2,4,2,1,1,49,2,2,1,2,1
280,1,3,6,3,3,683,1,1,2,1,2,29,1,2,1,2,1
281,1,3,12,2,2,2251,1,2,1,1,3,46,2,2,1,1,1
282,1,3,12,2,1,4675,4,1,1,1,3,20,2,1,1,2,1
283,1,2,21,3,0,2353,1,2,1,1,2,47,2,2,2,2,1
284,1,1,21,2,3,3357,3,1,4,1,3,29,1,2,1,2,1
285,1,3,6,2,0,672,1,1,1,1,1,54,2,2,1,1,2
286,1,1,6,3,3,338,3,4,4,2,3,52,2,2,2,2,1
287,1,3,9,2,3,2697,1,2,1,2,1,32,2,2,1,2,1
288,1,3,9,2,0,2507,3,4,2,2,4,51,2,3,1,1,1
289,1,3,15,3,3,1478,1,2,4,3,1,33,1,2,2,2,1
290,1,3,12,3,3,3565,4,1,2,2,2,37,2,2,2,1,1
291,1,3,15,2,2,2221,3,2,2,1,3,20,2,1,1,2,1
292,1,3,6,3,3,1898,4,2,1,2,1,34,2,2,2,1,1
293,1,2,6,3,0,1449,2,4,1,1,3,31,1,2,2,2,1
294,1,3,15,3,2,960,3,3,3,1,2,30,2,2,2,2,1
295,1,3,36,2,1,8133,1,2,1,1,2,30,1,2,1,2,1
296,1,3,9,2,2,2301,2,1,2,1,2,22,2,1,1,2,1
297,1,3,6,3,0,1743,2,2,1,2,1,34,2,2,2,1,1
298,1,2,12,2,2,983,3,1,1,1,1,19,2,1,1,1,1
299,1,3,18,3,3,2320,1,1,2,3,1,34,2,2,2,2,1
300,1,1,12,1,0,339,1,4,4,3,3,45,1,2,1,1,1
301,1,3,24,2,3,5152,1,3,4,2,3,25,1,2,1,2,1
302,1,3,24,2,2,3749,1,1,2,1,3,26,2,2,1,2,1
303,1,3,9,3,3,3074,4,2,1,2,1,33,2,2,2,2,1
304,0,3,9,2,3,745,1,2,3,1,1,28,2,2,1,1,1
305,1,3,24,2,0,1469,2,4,4,3,1,41,2,1,1,1,1
306,1,1,6,2,2,1374,1,2,1,2,1,36,1,2,1,1,2
307,1,3,6,1,0,783,4,2,1,2,1,26,1,2,1,1,1
308,1,1,21,2,3,2606,1,1,4,1,2,28,2,1,1,3,2
309,1,3,54,1,1,9436,4,2,2,2,2,39,2,2,1,1,1
310,1,3,12,3,3,930,4,4,4,2,1,65,2,2,2,2,1
311,1,3,48,3,1,2751,4,4,4,2,3,38,2,2,2,2,2
312,1,3,6,3,0,250,3,2,2,1,1,41,1,2,2,1,1
313,1,2,24,2,0,1201,1,1,4,2,2,26,2,2,1,2,1
314,1,1,6,2,0,662,1,1,3,2,1,41,2,2,1,1,2
315,1,3,15,2,1,1300,4,4,4,2,4,45,1,3,1,2,1
316,1,3,24,1,0,1559,1,3,4,2,3,40,1,2,1,2,2
317,1,3,12,2,3,3016,1,2,3,3,3,24,2,2,1,2,1
318,1,3,15,3,3,1360,1,2,4,2,2,31,2,2,2,2,1
319,1,3,6,1,0,1204,2,2,4,2,4,35,1,1,1,2,1
320,1,3,10,2,0,1597,3,2,3,2,4,40,2,1,1,1,1
321,1,3,12,2,3,2073,2,2,4,1,1,28,2,2,1,2,1
322,1,3,11,2,0,2142,3,4,1,1,1,28,2,2,1,2,2
323,1,1,10,3,2,2132,4,1,2,1,1,27,2,1,2,2,1
324,1,3,10,2,0,1546,1,2,3,2,1,31,2,2,1,1,1
325,1,3,24,3,0,1287,3,4,4,1,1,37,2,2,2,2,2
326,1,3,10,2,0,1418,2,2,3,2,1,35,2,1,1,1,1
327,1,3,6,3,0,1343,1,4,1,2,1,46,2,2,2,2,1
328,1,3,18,2,0,2662,4,3,4,2,2,32,2,2,1,2,1
329,1,3,18,3,3,6070,1,4,3,2,3,33,2,2,2,2,2
330,1,3,24,3,3,1927,4,2,3,1,3,33,2,2,2,2,2
331,1,3,18,3,3,2404,1,2,2,1,3,26,2,2,2,2,1
332,1,3,6,3,3,1554,1,3,1,1,3,24,2,1,2,2,2
333,1,3,22,2,0,1283,4,3,4,1,2,25,2,1,1,2,1
334,1,3,24,3,0,717,4,4,4,3,3,54,2,2,2,2,2
335,1,1,24,2,2,1747,1,1,4,2,2,24,2,2,1,1,1
336,1,1,9,3,3,1288,2,4,3,2,1,48,2,2,2,2,1
337,1,1,10,3,0,1038,1,3,4,2,2,49,2,2,2,2,2
338,1,3,10,2,1,2848,2,2,1,2,1,32,2,2,1,2,1
339,1,3,12,2,1,1413,3,3,3,2,2,55,2,2,1,2,1
340,1,3,30,3,3,3077,4,4,3,2,3,40,2,2,2,2,2
341,1,1,24,1,1,3632,1,2,1,1,3,22,1,1,1,2,1
342,1,3,18,3,1,3229,4,1,2,2,4,38,2,2,1,3,2
343,1,3,9,2,0,3577,2,2,1,2,1,26,2,1,1,2,1
344,1,3,12,3,0,682,2,3,4,1,3,51,2,2,2,2,2
345,1,3,10,2,3,1924,1,2,1,2,2,38,2,2,1,2,2
346,1,3,10,2,3,727,3,4,4,2,4,46,2,3,1,2,2
347,1,3,10,3,0,781,1,4,4,2,4,63,2,3,2,2,2
348,1,1,12,3,0,2121,1,2,4,2,2,30,2,2,2,2,1
349,1,3,12,3,3,701,1,2,4,2,3,32,2,2,2,2,1
350,1,3,10,3,2,2069,4,2,2,3,3,26,2,2,2,2,1
351,1,3,24,2,0,1525,3,3,4,1,3,34,2,2,1,2,2
352,1,3,48,3,0,7629,4,4,4,1,3,46,1,2,2,3,1
353,0,1,12,3,0,3499,1,2,3,1,1,29,2,2,2,2,1
354,1,3,6,2,3,1346,2,4,2,2,4,42,1,3,1,2,2
355,1,3,36,3,1,10477,4,4,2,2,4,42,2,3,2,2,1
356,1,1,24,2,1,2924,1,2,3,2,4,63,1,2,1,2,2
357,1,3,10,3,0,1231,1,4,3,2,1,32,2,2,2,1,1
358,1,3,18,2,0,1961,1,4,3,1,3,23,2,2,1,3,1
359,1,3,15,3,0,5045,4,4,1,1,3,59,2,2,1,2,2
360,1,3,12,3,0,1255,1,4,4,2,1,61,2,2,2,1,1
361,1,1,12,2,2,1858,1,1,4,1,3,22,2,1,1,2,1
362,1,3,6,3,2,1221,4,2,1,3,2,27,2,2,2,2,1
363,1,3,9,2,2,1388,1,2,4,1,1,26,2,1,1,2,1
364,1,3,12,2,3,2279,4,2,4,2,4,37,2,3,1,2,2
365,1,3,12,1,2,2759,1,4,2,2,2,34,2,2,2,2,1
366,1,3,24,2,3,1258,3,2,3,1,3,57,2,2,1,1,1
367,1,2,12,1,0,1410,1,2,2,2,1,31,2,2,1,1,2
368,1,1,15,2,0,1403,1,2,2,1,3,28,2,1,1,2,1
369,1,1,24,2,2,3021,1,2,2,1,1,24,2,1,1,1,1
370,1,1,24,2,0,6568,1,2,2,3,3,21,1,2,1,1,1
371,1,3,24,3,3,2578,3,4,2,2,3,34,2,2,1,2,1
372,1,2,24,3,1,7758,3,4,2,1,4,29,2,1,1,2,1
373,1,1,6,2,3,343,1,1,4,1,1,27,2,2,1,2,1
374,1,3,21,3,2,1591,2,3,4,2,1,34,2,2,2,3,1
375,1,1,27,2,3,3416,1,2,3,2,3,27,2,2,1,3,1
376,0,1,12,1,3,1108,1,3,4,2,1,28,2,2,2,2,1
377,1,2,27,3,1,5965,1,4,1,2,3,30,2,2,2,3,2
378,1,2,15,2,3,1514,2,2,4,2,1,22,2,2,1,2,1
379,1,3,30,3,3,6742,4,3,2,2,2,36,2,2,2,2,1
380,1,1,18,2,2,3650,1,1,1,1,3,22,2,1,1,2,1
381,1,1,21,2,2,3599,1,3,1,1,3,26,2,1,1,1,1
382,1,3,60,3,0,13756,4,4,2,2,4,63,1,3,1,3,2
383,1,2,9,2,0,276,1,2,4,3,1,22,2,1,1,1,1
384,1,3,42,3,2,4041,3,2,4,2,1,36,2,2,2,2,2
385,1,2,9,2,3,458,1,2,4,2,1,24,2,2,1,2,1
386,0,2,9,2,2,918,1,2,4,1,2,30,2,2,1,2,1
387,1,3,24,2,0,7393,1,2,1,2,2,43,2,2,1,1,1
388,1,3,10,2,3,1225,1,2,2,2,3,37,2,2,1,2,2
389,1,1,24,2,1,2812,4,4,2,1,1,26,2,1,1,2,1
390,1,3,15,2,1,3029,1,3,2,2,3,33,2,2,1,2,1
391,1,3,12,3,0,1480,3,1,2,2,4,66,1,3,2,1,1
392,1,3,6,3,3,1047,1,2,2,1,2,50,2,2,1,1,1
393,1,3,15,3,3,1471,1,2,4,2,4,35,2,3,2,2,2
394,1,3,24,2,2,5511,2,2,4,2,3,25,1,2,1,2,1
395,1,2,9,2,3,1206,1,4,4,1,1,25,2,2,1,2,1
396,1,2,24,3,3,6403,1,1,1,2,3,33,2,2,1,2,1
397,1,3,12,2,3,707,1,2,4,2,1,30,1,2,2,2,1
398,1,3,12,3,1,1503,1,2,4,3,1,41,2,1,1,2,1
399,1,2,12,2,0,6078,1,3,2,2,3,32,2,2,1,2,1
400,1,2,27,2,0,2528,1,1,4,1,2,32,2,2,1,2,2
401,1,2,12,2,0,1037,2,3,3,2,1,39,2,2,1,1,1
402,1,1,6,2,1,1352,3,1,1,1,2,23,2,1,1,1,2
403,1,3,24,2,3,3181,1,1,4,1,2,26,2,2,1,2,2
404,1,3,18,2,3,4594,1,1,3,2,3,32,2,2,1,2,2
405,1,2,48,2,0,5381,4,1,3,2,4,40,1,3,1,1,2
406,1,3,15,2,1,4657,1,2,3,2,3,30,2,2,1,2,2
407,1,2,9,2,0,1391,1,2,2,3,1,27,1,2,1,2,2
408,1,2,18,2,0,1913,3,1,3,3,1,36,1,2,1,2,2
409,1,3,42,2,3,7166,4,3,2,3,2,29,2,1,1,2,2
410,1,3,13,2,3,1409,2,1,2,1,1,64,2,2,1,2,1
411,1,3,24,3,0,2978,4,2,4,2,1,32,2,2,2,2,2
412,1,3,12,3,3,976,4,4,4,2,3,35,2,2,2,2,1
413,1,3,24,3,0,2375,3,2,4,2,3,44,2,2,2,2,2
414,1,3,12,3,3,522,3,4,4,2,2,42,2,2,2,2,2
415,1,3,28,3,3,2743,1,4,4,2,3,29,2,2,2,2,1
416,1,3,11,3,3,1154,2,1,4,1,1,57,2,2,2,1,1
417,1,3,24,3,1,5804,3,2,4,2,1,27,2,2,2,2,1
418,1,3,18,3,3,1169,4,2,4,2,2,29,2,2,2,2,2
419,1,1,15,3,2,1478,1,4,4,2,3,44,2,2,2,2,2
420,1,3,12,2,3,776,1,2,4,3,1,28,2,2,1,2,1
421,1,2,11,3,0,1322,3,2,4,1,3,40,2,2,2,2,1
422,1,2,16,3,0,1175,1,1,2,2,3,68,2,3,2,1,2
423,1,3,12,2,0,2133,4,4,4,1,4,52,2,3,1,3,2
424,1,3,15,3,3,1829,1,4,4,2,3,46,2,2,2,2,2
425,1,3,12,3,3,717,1,4,4,2,1,52,2,2,2,2,1
426,1,2,39,3,3,11760,2,3,2,2,4,32,2,1,1,2,2
427,0,2,9,3,3,1501,1,4,2,1,3,34,2,2,2,3,2
428,1,1,12,2,3,1200,4,2,4,1,2,23,1,1,1,2,2
429,1,2,9,2,0,3195,4,2,1,1,1,33,2,2,1,1,1
430,1,3,30,3,3,4530,1,3,4,1,3,26,2,1,1,3,2
431,0,3,12,3,3,1555,3,4,4,2,4,55,2,3,2,2,1
432,1,2,15,3,0,2326,3,2,2,2,3,27,1,2,1,2,1
433,1,2,18,3,0,1887,4,2,4,3,1,28,1,2,2,2,1
434,1,3,12,3,0,1264,4,4,4,2,4,57,2,1,1,1,1
435,1,3,7,3,3,846,4,4,3,2,4,36,2,3,1,2,1
436,1,3,15,3,3,1532,2,2,4,1,3,31,2,2,1,2,1
437,1,3,6,3,3,935,1,2,3,1,1,24,2,2,1,2,1
438,1,1,27,3,0,2442,1,4,4,2,3,43,1,2,2,3,2
439,1,2,18,3,0,3590,1,1,3,3,3,40,2,2,2,1,2
440,1,3,21,3,2,2288,1,1,4,1,2,23,2,2,1,2,2
441,1,3,27,3,0,5117,1,3,3,2,3,26,2,2,2,2,1
442,1,1,39,3,2,14179,4,3,4,2,2,30,2,2,2,3,2
443,1,3,15,2,3,1386,4,2,4,3,1,40,2,1,1,2,2
444,1,3,12,3,3,618,1,4,4,2,1,56,2,2,1,2,1
445,1,3,12,2,2,1574,1,2,4,2,1,50,2,2,1,2,1
446,1,3,6,3,3,700,4,4,4,2,4,36,2,3,2,2,1
447,1,3,12,2,3,886,4,2,4,1,3,21,2,2,1,2,1
448,1,3,36,2,1,4686,1,2,2,2,4,32,2,3,1,3,2
449,1,2,9,2,3,790,3,2,4,1,1,66,2,2,1,1,1
450,0,2,12,2,3,766,3,2,4,2,1,66,2,2,1,1,1
451,1,1,20,2,2,2212,4,3,4,2,3,39,2,2,1,2,2
452,1,2,10,2,0,7308,1,1,2,2,4,70,1,3,1,3,2
453,1,2,24,3,3,5743,1,1,2,1,4,24,2,3,2,2,2
454,1,1,14,2,0,3973,1,1,1,2,4,22,2,3,1,2,1
455,1,2,60,3,3,7418,4,2,1,2,1,27,2,2,1,1,1
456,1,2,20,3,0,2629,1,2,2,2,3,29,1,2,2,2,2
457,1,2,18,2,0,1941,3,2,4,2,2,35,2,2,1,1,2
458,1,2,24,3,2,2333,4,1,4,2,2,29,1,2,1,1,1
459,1,3,12,2,1,2445,4,1,2,3,3,26,2,1,1,2,2
460,1,2,20,2,1,6468,4,1,1,1,1,60,2,2,1,3,2
461,1,2,18,3,2,7374,1,1,4,2,2,40,1,2,2,3,2
462,1,3,15,2,1,3812,2,1,1,1,3,23,2,2,1,2,2
463,0,1,28,2,0,4006,1,2,3,2,3,45,2,2,1,1,1
464,1,2,12,2,0,7472,4,1,1,1,1,24,2,1,1,1,1
465,1,3,12,2,2,1424,4,4,3,1,1,55,2,2,1,3,2
466,1,2,12,2,1,2028,4,2,4,2,3,30,2,2,1,2,1
467,1,3,15,2,0,5324,3,4,1,1,4,35,2,3,1,2,1
468,1,2,36,2,3,2323,1,3,4,2,3,24,2,1,1,2,1
469,1,3,12,2,3,1393,1,4,4,2,2,47,1,2,2,2,2
470,1,3,18,2,2,1984,1,2,4,2,4,47,1,3,2,2,1
471,1,3,24,2,3,999,4,4,4,2,3,25,2,2,2,2,1
472,1,3,36,2,0,7409,4,4,3,2,2,37,2,2,2,2,1
473,1,3,15,2,2,2186,4,3,1,1,1,33,1,1,1,1,1
474,1,3,36,2,3,4473,1,4,4,2,3,31,2,2,1,2,1
475,1,3,24,2,0,937,1,1,4,3,3,27,2,2,2,1,1
476,1,3,18,2,2,3422,1,4,4,2,2,47,1,2,2,2,2
477,1,3,24,2,3,3105,4,1,4,2,3,25,2,2,2,2,1
478,1,3,12,3,3,2748,1,4,2,1,4,57,1,3,2,1,1
479,1,2,18,2,3,3872,1,1,2,1,3,67,2,2,1,2,2
480,1,3,27,2,3,5190,4,4,4,2,2,48,2,2,2,2,2
481,1,2,18,2,2,3001,1,3,2,1,1,40,2,1,1,2,1
482,1,3,24,3,0,3863,1,2,1,2,4,32,2,3,1,2,1
483,1,3,12,3,2,5801,4,4,2,2,2,49,2,1,1,2,2
484,1,3,12,3,2,1592,3,3,3,1,2,35,2,2,1,2,1
485,1,3,12,3,0,1185,1,2,3,1,1,27,2,2,2,2,1
486,1,3,18,3,2,3780,1,1,3,1,3,35,2,2,2,3,2
487,1,2,18,3,2,3612,1,4,3,1,2,37,2,2,1,2,2
488,1,3,12,2,0,1076,1,2,2,3,1,26,2,2,1,2,2
489,1,3,12,2,0,3527,4,1,2,2,2,45,2,2,1,3,2
490,1,3,18,2,3,2051,1,1,4,2,1,33,2,2,1,2,1
491,1,3,12,3,2,3331,1,4,2,2,2,42,1,2,1,2,1
492,1,1,18,1,0,3104,1,3,3,2,2,31,1,2,1,2,2
493,1,3,24,3,3,2611,1,4,4,3,1,46,2,2,2,2,1
494,1,1,12,3,1,1409,1,4,4,2,1,54,2,2,1,2,1
495,1,3,24,2,3,1311,2,3,4,3,2,26,2,2,1,2,2
496,1,3,6,2,3,2108,1,3,2,3,1,29,2,1,1,2,1
497,1,3,24,3,1,4042,4,3,3,2,2,43,2,2,2,2,2
498,1,3,12,3,0,926,1,1,1,1,2,38,2,2,1,1,1
499,1,1,12,2,3,1680,3,4,3,3,1,35,2,2,1,2,1
500,1,3,24,2,0,1249,1,1,4,3,1,28,2,2,1,2,1
501,1,3,24,3,0,2463,2,3,4,3,2,27,2,2,2,2,2
502,1,3,6,2,3,1595,1,3,3,2,2,51,2,2,1,2,1
503,1,3,24,3,3,2058,1,2,4,1,1,33,2,2,2,2,2
504,1,3,24,2,1,7814,1,3,3,2,3,38,2,2,1,3,2
505,1,3,6,3,3,1740,1,4,2,3,1,30,2,1,2,2,1
506,1,3,12,3,3,1240,4,4,4,1,1,38,2,2,2,2,2
507,1,3,24,3,1,6842,4,2,2,2,2,46,2,2,2,3,2
508,1,3,24,3,2,5150,1,4,4,2,3,33,2,2,1,2,2
509,1,1,6,2,0,1203,2,4,3,2,2,43,2,2,1,2,2
510,1,3,6,3,0,2080,3,2,1,3,3,24,2,2,1,2,1
511,1,3,6,2,3,1538,1,1,1,1,4,56,2,2,1,2,1
512,1,2,24,3,0,3878,2,1,4,1,3,37,2,2,1,2,2
513,1,2,30,2,2,3832,1,1,2,3,2,22,2,2,1,2,1
514,1,3,15,2,0,3186,3,3,2,1,3,20,2,1,1,2,1
515,1,2,24,2,3,2896,2,1,2,2,3,29,2,2,1,2,1
516,1,2,24,3,0,6967,2,3,4,2,3,36,2,1,1,3,2
517,0,3,36,2,3,1819,1,2,4,2,4,37,1,3,1,2,2
518,0,3,24,2,3,5943,4,1,1,1,3,44,2,2,2,2,2
519,0,3,36,3,2,7127,1,1,2,1,2,23,2,1,2,2,2
520,0,3,36,2,2,3349,1,2,4,1,3,28,2,2,1,3,2
521,0,3,36,2,2,10974,1,1,4,1,3,26,2,2,2,3,2
522,1,3,6,2,3,518,1,2,3,1,1,29,2,2,1,2,1
523,1,3,18,2,3,1126,4,1,4,1,1,21,2,1,1,2,2
524,1,2,12,3,1,1860,1,1,4,2,3,34,2,2,2,3,2
525,1,3,36,3,3,9566,1,2,2,1,3,31,1,2,2,2,1
526,1,1,12,2,3,701,1,2,4,3,1,40,2,2,1,1,1
527,1,2,12,2,3,2930,1,3,2,1,1,27,2,2,1,2,1
528,1,3,18,2,3,1505,1,2,4,2,4,32,2,3,1,3,2
529,1,3,18,3,3,2238,1,2,2,1,3,25,2,2,2,2,1
530,1,3,4,3,3,1503,1,3,2,2,1,42,2,2,2,1,1
531,1,3,24,3,1,2197,4,3,4,2,3,43,2,2,2,2,2
532,1,3,12,2,3,1881,1,2,2,1,3,44,2,1,1,1,2
533,1,1,18,3,3,1880,1,3,4,3,2,32,2,2,2,3,2
534,1,1,18,2,3,2389,1,1,4,1,3,27,1,2,1,2,1
535,1,2,24,2,3,1967,1,4,4,1,3,20,2,2,1,2,2
536,1,3,4,3,0,3380,1,3,1,1,1,37,2,2,1,2,1
537,1,3,4,3,0,1455,1,3,2,2,1,42,2,2,2,1,1
538,1,3,7,3,3,730,4,4,4,2,2,46,2,1,2,1,2
539,1,2,18,1,2,3244,1,2,1,1,3,33,1,2,2,2,2
540,0,2,9,2,3,1670,1,1,4,1,3,22,2,2,1,2,2
541,1,2,48,2,3,3979,4,3,4,2,3,41,2,2,2,2,2
542,0,2,12,2,2,1922,1,2,4,2,2,37,2,2,1,1,1
543,1,2,18,3,2,1295,1,1,4,1,2,27,2,2,2,2,1
544,1,3,4,3,3,1544,1,3,2,2,1,42,2,2,2,1,1
545,1,2,8,2,0,907,1,1,3,3,1,26,2,2,1,2,2
546,1,2,30,2,3,1715,4,2,4,1,3,26,2,2,1,2,1
547,1,3,10,3,3,1347,4,3,4,2,2,27,2,2,2,2,2
548,1,2,12,2,0,1007,3,2,4,3,1,22,2,2,1,2,1
549,1,3,12,3,2,1402,3,3,3,1,3,37,2,1,1,2,2
550,1,2,12,2,0,2002,1,3,3,2,2,30,2,1,1,2,2
551,1,3,12,3,3,2096,1,3,2,2,1,49,2,2,1,1,1
552,1,3,12,2,0,1101,1,2,3,3,1,27,2,2,2,2,2
553,1,3,10,2,0,894,4,3,4,1,2,40,2,2,1,2,2
554,1,2,11,2,2,1577,3,1,4,1,1,20,2,2,1,2,1
555,1,3,33,3,0,2764,1,2,2,1,3,26,2,2,2,2,2
556,1,2,48,1,0,8358,3,1,1,1,3,30,2,2,2,2,1
557,1,3,12,2,2,1474,1,1,4,1,2,33,1,2,1,3,2
558,1,3,24,2,1,5433,4,1,2,1,2,26,2,1,1,3,2
559,1,2,14,2,0,1410,3,4,1,3,1,35,2,2,1,2,2
560,1,3,20,3,0,3485,4,1,2,1,1,44,2,2,2,2,2
561,1,3,18,3,1,3850,1,3,3,2,3,27,2,2,2,2,1
562,0,2,60,2,0,7408,2,1,4,1,2,24,2,2,1,3,1
563,1,3,24,2,3,1377,2,4,4,1,4,47,2,3,1,2,2
564,1,3,30,3,0,4272,2,2,2,2,2,26,2,2,2,1,1
565,1,2,24,3,3,1553,2,3,3,1,2,23,2,1,2,2,2
566,1,2,36,3,0,9857,2,3,1,2,2,31,2,2,2,1,2
567,1,3,6,3,0,362,2,2,4,1,3,52,2,2,2,1,1
568,1,3,12,3,2,1935,1,4,4,2,1,43,2,2,2,2,2
569,1,3,48,2,3,10222,4,3,4,2,3,37,1,2,1,2,2
570,1,3,12,2,0,1330,1,1,4,2,1,26,2,2,1,2,1
571,1,3,36,2,3,9055,4,2,2,2,4,35,2,3,1,1,2
572,1,2,26,2,1,7966,1,1,2,2,3,30,2,2,2,2,1
573,1,2,30,1,2,3496,3,2,4,2,3,34,1,2,1,2,2
574,1,2,36,2,1,6948,1,2,2,2,3,35,2,1,1,3,2
575,1,2,48,1,0,12204,4,2,2,2,3,48,1,2,1,3,2
576,0,1,36,2,2,3446,1,4,4,2,3,42,2,2,1,2,1
577,0,1,12,2,3,684,1,2,4,2,3,40,2,1,1,1,1
578,0,1,33,3,2,4281,3,2,1,1,3,23,2,2,2,2,1
579,0,1,42,2,3,7174,4,3,4,1,3,30,2,2,1,3,2
580,0,1,24,1,3,1546,1,3,4,2,3,24,1,1,1,1,1
581,0,1,24,2,2,2359,2,1,1,1,2,33,2,2,1,2,1
582,0,3,24,2,3,3621,2,4,2,2,3,31,2,2,2,2,1
583,0,1,12,2,3,741,2,1,4,1,2,22,2,2,1,2,1
584,0,1,12,2,2,7865,1,4,4,2,4,53,2,3,1,3,2
585,1,1,24,2,1,2910,1,3,2,2,4,34,2,3,1,3,2
586,1,1,18,3,0,5302,1,4,2,2,4,36,2,3,2,3,2
587,1,1,36,2,2,3620,1,2,1,2,2,37,2,2,1,2,1
588,1,1,18,2,3,3509,1,3,4,1,1,25,2,2,1,2,1
589,1,2,12,2,2,3017,1,1,3,1,1,34,2,1,1,3,1
590,1,1,12,2,2,1657,1,2,2,2,1,27,2,2,1,2,1
591,1,1,8,3,0,1164,1,4,3,2,4,51,1,3,2,3,2
592,0,1,36,3,2,6229,1,1,4,1,4,23,2,1,2,1,2
593,0,1,24,1,0,1193,1,1,1,1,4,29,2,1,2,1,1
594,1,1,30,1,2,4583,1,2,2,1,1,32,2,2,2,2,1
595,1,1,36,3,2,5371,1,2,3,2,2,28,2,2,2,2,1
596,1,1,12,2,2,708,1,2,2,2,2,38,2,2,1,1,1
597,1,1,21,3,0,571,1,4,4,2,1,65,2,2,2,2,1
598,1,1,30,2,3,2522,1,4,1,2,2,39,2,2,1,2,1
599,0,1,36,2,2,5179,1,3,4,2,2,29,2,2,1,2,1
600,0,1,36,2,1,8229,1,2,2,2,2,26,2,2,1,2,1
601,1,3,24,3,2,2028,1,3,2,2,2,30,2,2,2,1,1
602,1,1,6,2,0,1374,4,1,4,1,2,75,2,2,1,3,2
603,1,1,12,2,2,1289,1,2,4,2,2,21,2,2,1,1,1
604,0,1,36,2,2,2712,1,4,2,2,2,41,1,2,1,2,1
605,1,1,15,3,2,975,1,2,2,1,2,25,2,2,2,2,1
606,1,2,6,3,2,1050,1,1,4,2,2,35,1,2,2,3,2
607,1,1,6,3,0,609,1,3,4,1,2,37,2,2,2,2,1
608,1,1,48,2,1,4788,1,3,4,2,2,26,2,2,1,2,1
609,1,2,24,2,2,3069,2,4,4,2,4,30,2,3,1,2,1
610,0,2,12,2,0,836,2,1,4,1,2,23,1,2,1,1,1
611,1,1,12,2,2,2577,1,2,2,1,3,42,2,2,1,2,1
612,1,1,12,2,2,1620,1,2,2,1,2,30,2,2,1,2,1
613,1,1,15,2,2,1845,1,1,4,1,2,46,2,1,1,2,1
614,1,1,24,2,1,6579,1,1,4,2,4,29,2,3,1,3,2
615,1,1,12,2,0,1893,1,2,4,1,2,29,2,2,1,2,2
616,1,1,30,3,1,10623,1,4,3,2,4,38,2,3,2,3,2
617,1,1,18,2,0,2249,2,3,4,2,3,30,2,2,1,3,2
618,0,1,30,2,2,3108,1,1,2,1,2,31,2,2,1,1,1
619,1,2,12,3,0,958,1,3,2,2,1,47,2,2,2,1,1
620,1,3,24,2,1,9277,4,2,2,1,4,48,2,3,1,2,2
621,1,3,24,3,0,6314,1,1,4,2,4,27,1,2,2,3,2
622,1,1,12,3,1,1526,1,4,4,2,4,66,2,3,2,3,1
623,1,1,12,2,2,3590,1,2,2,2,2,29,2,2,1,1,1
624,1,1,24,3,1,6615,1,1,2,2,4,75,2,3,2,3,2
625,1,1,6,3,2,1872,1,1,4,2,4,36,2,3,2,3,2
626,1,3,12,2,0,2859,4,1,4,2,4,38,2,2,1,3,2
627,1,3,18,3,3,1582,3,4,4,2,3,46,2,2,2,2,1
628,1,3,6,2,0,1238,4,1,4,2,2,36,2,2,1,3,2
629,1,1,12,2,2,2578,1,1,3,1,4,55,2,3,1,3,1
630,1,1,15,3,2,1433,1,2,4,1,2,25,2,1,2,2,1
631,1,1,42,2,2,7882,1,3,2,2,2,45,2,3,1,2,1
632,1,1,24,2,2,4169,1,2,4,2,2,28,2,2,1,2,1
633,1,1,36,2,2,3959,1,1,4,2,2,30,2,2,1,3,2
634,1,1,36,2,0,3249,1,3,2,2,4,39,1,3,1,3,2
635,1,1,24,2,2,3149,1,1,4,2,4,22,1,3,1,2,1
636,0,1,12,3,2,2246,1,4,3,2,2,60,2,2,2,2,1
637,1,1,13,3,0,1797,1,1,3,2,2,28,1,2,2,1,1
638,1,1,20,3,2,4272,1,4,1,1,2,24,2,2,2,2,1
639,1,1,24,3,1,2957,1,4,4,2,2,63,2,2,2,2,2
640,1,1,36,3,2,2348,1,2,3,3,2,46,2,2,2,2,2
641,1,3,42,1,0,6289,1,1,2,1,2,33,2,2,2,2,1
642,1,1,24,3,1,6419,1,4,2,1,4,44,2,3,2,3,2
643,0,1,48,3,1,6143,1,4,4,1,4,58,1,3,2,1,1
644,1,3,24,3,3,1597,1,4,4,2,4,54,2,3,2,2,1
645,1,1,36,2,0,15857,1,1,2,1,3,43,2,2,1,3,1
646,1,3,24,3,3,2223,2,4,4,2,2,52,1,2,2,2,1
647,1,3,48,3,3,7238,4,4,3,2,3,32,1,2,2,2,1
648,1,2,30,3,0,2503,2,4,4,2,2,41,1,2,2,2,1
649,1,2,18,2,0,2622,2,2,4,2,3,34,2,2,1,2,1
650,1,2,24,2,2,4351,4,2,1,1,2,48,2,2,1,1,2
651,1,2,6,2,3,368,4,4,4,2,2,38,2,2,1,2,1
652,1,2,12,2,0,754,4,4,4,2,2,38,2,2,2,2,1
653,1,3,24,3,3,2424,4,4,4,2,2,53,2,2,2,2,1
654,1,2,48,3,0,6681,4,2,4,2,4,38,2,3,1,2,2
655,1,2,18,3,0,2427,4,4,4,2,2,42,2,2,2,2,1
656,0,2,24,3,3,1216,2,1,4,2,4,38,1,2,2,2,1
657,1,2,6,2,3,753,1,2,2,1,1,64,2,2,1,2,1
658,1,2,7,2,3,2576,1,2,2,2,1,35,2,2,1,2,1
659,1,2,6,2,3,590,1,1,3,3,1,26,2,2,1,1,1
660,1,2,8,2,3,1414,1,2,4,2,1,33,2,2,1,2,1
661,1,2,12,2,3,1103,1,3,4,2,1,29,2,2,2,2,1
662,1,2,12,3,3,585,1,2,4,3,1,20,2,1,2,2,1
663,1,2,6,2,3,1068,1,4,4,2,3,28,2,2,1,2,1
664,1,1,8,3,0,713,1,4,4,2,1,47,2,2,2,1,1
665,1,2,12,2,3,1092,1,2,4,1,1,49,2,2,2,2,2
666,1,2,7,2,3,2329,1,1,1,1,1,45,2,2,1,2,1
667,1,2,13,3,3,882,1,1,4,2,1,23,2,2,2,2,1
668,1,2,18,2,3,866,1,2,4,3,1,25,2,2,1,1,1
669,1,2,7,2,3,2415,1,2,3,2,1,34,2,2,1,2,1
670,1,2,13,2,3,2101,1,1,2,1,2,23,2,2,1,1,1
671,1,2,18,2,3,1301,1,4,4,3,1,32,2,2,1,1,1
672,1,2,18,2,3,1113,1,2,4,1,1,26,2,2,1,1,1
673,1,2,8,2,3,760,1,3,4,1,1,44,2,2,1,1,1
674,1,2,12,2,3,625,1,1,4,3,1,26,1,2,1,1,1
675,1,3,6,3,0,1323,2,4,2,1,3,28,2,2,2,2,2
676,1,1,9,3,3,1138,1,2,4,2,1,25,2,2,2,1,1
677,1,2,18,3,3,1795,1,4,3,1,1,48,1,1,2,1,2
678,1,2,15,3,3,2728,4,3,4,2,1,35,1,2,2,2,2
679,1,2,6,2,3,484,1,3,3,3,1,28,1,2,1,1,1
680,1,2,10,1,3,1048,1,2,4,2,1,23,1,2,1,1,1
681,1,2,12,2,3,1155,1,4,3,3,1,40,1,2,2,1,1
682,1,2,20,3,1,7057,4,3,3,2,2,36,1,1,2,3,2
683,1,2,15,3,3,1537,4,4,4,2,1,50,2,2,2,2,2
684,1,1,12,2,3,2214,1,2,4,2,2,24,2,2,1,1,1
685,1,3,24,3,2,1585,1,3,4,2,2,40,2,2,2,2,1
686,1,2,10,2,2,1521,1,2,4,1,3,31,2,2,1,1,1
687,1,2,36,1,3,3990,4,1,3,1,4,29,1,2,1,1,1
688,1,3,18,2,2,3049,1,1,1,1,2,45,1,2,1,1,1
689,0,1,24,2,3,1282,2,2,4,1,3,32,2,2,1,1,1
690,1,3,60,2,3,10144,2,3,2,1,1,21,2,2,1,2,2
691,1,1,12,2,0,1168,1,2,4,3,1,27,2,2,1,1,1
692,1,2,6,2,3,454,1,1,3,3,2,22,2,2,1,1,1
693,1,3,15,3,1,3594,1,1,1,1,2,46,2,2,2,1,1
694,1,3,12,2,2,1768,1,2,3,2,1,24,2,1,1,1,1
695,1,3,60,3,3,15653,1,3,2,2,3,21,2,2,2,2,2
696,1,3,12,3,0,2247,1,2,2,1,3,36,1,2,2,2,2
697,1,3,24,2,3,1413,1,2,4,3,2,28,2,2,1,2,1
698,1,2,45,3,1,4576,2,1,3,2,3,27,2,2,1,2,1
699,1,1,24,3,3,1231,3,4,4,1,2,57,2,1,2,3,2
700,0,1,36,2,1,8335,4,4,3,2,4,47,2,3,1,2,1
701,1,2,36,3,1,5800,1,2,3,2,3,34,2,2,2,2,2
702,1,1,18,3,3,8471,4,2,1,1,3,23,2,1,2,2,2
703,1,1,30,2,2,3622,3,4,4,1,2,57,2,1,2,2,2
704,1,1,6,3,3,1169,4,4,4,2,1,67,2,2,2,2,2
705,1,3,15,2,3,1262,3,3,4,2,2,36,2,2,2,2,2
706,1,3,24,3,2,3617,4,4,4,2,4,20,2,1,2,2,1
707,1,2,30,3,0,2181,4,4,4,2,1,36,2,2,2,2,1
708,0,1,48,1,0,7685,1,3,2,1,3,37,2,1,1,2,1
709,1,3,48,3,3,6110,1,2,1,2,4,31,1,3,1,2,2
710,1,3,24,2,0,3757,1,4,4,1,4,62,2,3,1,2,2
711,1,1,42,3,3,3394,1,1,4,2,3,65,2,2,2,1,1
712,1,3,36,3,0,6304,4,4,4,2,1,36,2,2,2,2,1
713,1,3,9,3,3,1244,4,4,4,1,2,41,2,1,2,1,1
714,1,3,6,2,0,3518,1,2,2,2,2,26,2,1,1,2,1
715,1,3,36,1,3,2613,1,2,4,2,3,27,2,2,2,2,1
716,1,1,48,2,3,7476,1,3,4,2,4,50,2,3,1,3,2
717,0,3,24,2,0,4591,3,2,2,2,2,54,2,2,2,3,2
718,0,2,18,2,2,1924,4,1,4,1,1,27,2,1,1,2,1
719,0,2,72,2,3,5595,2,2,2,3,3,24,2,2,1,2,1
720,0,2,48,3,3,6224,1,4,4,2,4,50,2,3,1,2,1
721,1,3,15,2,3,1905,1,4,4,2,3,40,2,1,1,3,2
722,1,3,21,3,1,2993,1,2,3,2,1,28,1,2,2,1,1
723,1,3,36,3,1,8947,4,3,3,2,3,31,1,2,1,3,2
724,1,1,24,2,2,4020,1,2,2,2,3,27,1,2,1,2,1
725,1,2,18,2,1,2779,1,2,1,3,3,21,2,1,1,2,2
726,1,3,21,2,0,2782,3,3,1,1,3,31,1,2,1,3,1
727,1,3,12,2,0,1884,1,4,4,2,3,39,2,2,1,3,2
728,1,3,36,3,1,11054,4,2,4,2,3,30,2,2,1,3,2
729,1,2,60,3,3,9157,4,2,2,2,4,27,2,3,1,3,1
730,1,2,42,1,1,9283,1,1,1,2,4,55,1,3,1,3,2
731,1,3,60,2,0,6527,4,2,4,2,4,34,2,3,1,2,2
732,1,3,15,3,1,3368,3,4,3,2,4,23,2,1,2,2,2
733,1,1,15,2,0,2511,1,1,1,1,3,23,2,1,1,2,1
734,1,1,36,2,1,5493,1,4,2,2,4,42,2,3,1,2,1
735,1,3,6,2,3,1338,3,2,1,1,1,62,2,2,1,2,1
736,1,2,9,2,3,1082,1,4,4,2,3,37,2,2,2,1,1
737,1,3,18,3,3,1149,3,2,4,2,1,46,2,2,2,2,1
738,1,2,15,2,3,1308,1,4,4,2,3,38,2,2,2,1,1
739,1,2,20,1,1,6148,2,4,3,3,3,31,1,2,2,2,2
740,1,3,12,2,2,1736,1,3,3,1,1,31,2,2,1,1,1
741,1,3,12,2,3,3059,3,3,2,1,1,61,2,2,1,1,1
742,0,1,24,2,2,2996,4,2,2,3,3,20,2,2,1,2,1
743,1,3,30,3,1,7596,4,4,1,2,3,63,2,2,2,2,1
744,1,3,30,2,1,4811,4,3,2,1,2,24,1,1,1,1,1
745,1,3,6,2,2,1766,1,2,1,3,2,21,2,1,1,2,1
746,1,2,24,2,1,2760,4,4,4,2,4,36,1,3,1,2,2
747,1,3,24,3,3,5507,1,4,3,2,4,44,2,3,2,2,1
748,1,2,9,2,3,1199,1,3,4,1,2,67,2,2,2,3,2
749,1,3,24,2,2,2892,1,4,3,1,4,51,2,3,1,2,1
750,1,2,36,3,0,2862,2,4,4,2,4,30,2,3,1,2,1
751,0,1,9,2,0,654,1,2,4,2,3,28,2,2,1,1,1
752,0,2,9,3,3,1136,3,4,4,2,4,32,2,3,2,2,1
753,0,2,24,2,1,4113,3,1,3,1,3,28,2,1,1,2,1
754,0,2,6,2,0,14555,4,1,1,2,2,23,2,2,1,1,2
755,0,1,15,1,0,950,1,4,4,2,3,33,2,1,2,2,1
756,0,1,24,3,0,1199,1,4,4,2,3,60,2,2,2,1,1
757,0,1,12,1,0,1082,1,2,4,2,3,48,1,2,2,2,1
758,0,2,30,2,0,2150,1,2,4,1,4,24,1,2,1,2,1
759,0,2,36,3,0,2820,1,1,4,1,3,27,2,2,2,2,1
760,0,2,48,2,3,3060,1,3,4,2,1,28,2,2,2,2,1
761,0,1,18,2,3,2600,1,2,4,2,4,65,2,3,2,2,1
762,0,3,21,1,0,5003,4,2,1,1,2,29,1,2,2,2,2
763,0,2,60,2,3,6288,1,2,4,2,4,42,2,3,1,2,1
764,0,3,24,3,0,2538,1,4,4,2,3,47,2,2,2,1,1
765,0,3,9,2,3,1478,1,3,4,2,3,22,2,2,1,2,1
766,0,2,39,3,3,4933,1,3,2,2,1,25,2,2,2,2,1
767,0,3,18,3,0,1530,1,2,3,2,2,32,1,2,2,2,1
768,0,2,9,1,0,1437,2,3,2,2,4,29,2,2,1,2,1
769,0,1,15,2,3,1275,4,2,4,1,3,24,2,1,1,2,1
770,0,1,24,2,3,1823,1,1,4,2,3,30,1,2,1,3,1
771,0,1,9,2,0,1422,1,1,3,2,4,27,2,3,1,3,2
772,0,1,18,2,3,1217,1,2,4,3,1,47,2,2,1,1,2
773,0,1,36,2,0,9271,1,3,2,2,3,24,2,2,1,2,2
774,0,1,36,3,0,2145,1,3,2,2,3,24,2,2,2,2,2
775,0,1,36,2,0,1842,1,1,4,1,3,34,2,2,1,2,2
776,0,2,18,3,2,4297,1,4,4,1,4,40,2,2,1,3,2
777,0,1,6,3,2,3384,1,2,1,1,1,44,2,1,1,3,2
778,0,2,18,3,3,1245,1,2,4,3,3,33,2,2,1,2,1
779,0,3,15,2,3,4623,2,2,3,2,2,40,2,2,1,3,2
780,0,2,30,3,2,8386,1,3,2,2,2,49,2,2,1,2,1
781,0,1,24,3,3,1024,1,1,4,3,1,48,1,2,1,2,1
782,0,2,36,2,0,14318,1,4,4,2,4,57,2,3,1,3,2
783,0,2,6,1,3,433,3,1,4,1,2,24,1,1,1,2,1
784,0,1,12,1,3,2149,1,2,4,1,4,29,2,3,1,2,1
785,0,3,24,2,3,2397,3,4,3,2,3,35,1,2,2,2,2
786,0,2,6,1,0,931,2,1,1,1,2,32,1,2,1,1,1
787,0,2,15,3,3,1512,3,2,3,3,2,61,1,2,2,2,1
788,0,2,24,1,0,4241,1,2,1,2,1,36,2,2,2,1,2
789,0,2,24,3,2,4736,1,1,2,1,3,25,1,2,1,1,1
790,0,2,15,1,0,1778,1,1,2,1,1,26,2,1,2,1,1
791,0,3,15,2,3,2327,1,1,2,1,1,25,2,2,1,1,1
792,0,1,24,1,2,6872,1,1,2,1,2,55,1,2,1,2,2
793,0,1,12,2,3,795,1,1,4,1,2,53,2,2,1,2,1
794,0,3,30,3,0,1908,1,4,4,2,1,66,2,2,1,3,2
795,0,2,36,1,0,1953,1,4,4,2,4,61,2,3,1,3,2
796,0,3,18,2,2,2864,1,2,2,2,1,34,2,2,1,1,1
797,0,3,21,3,3,2319,1,1,2,1,3,33,2,1,1,2,1
798,0,1,24,2,0,915,4,4,4,1,3,29,1,2,1,2,1
799,0,3,24,2,0,947,1,3,4,2,4,38,1,3,1,2,1
800,0,1,24,2,0,1381,4,2,4,1,2,35,2,2,1,2,1
801,0,1,24,2,0,1285,4,3,4,1,4,32,2,1,1,2,1
802,0,1,24,2,0,1371,4,2,4,1,1,25,2,1,1,2,1
803,0,2,18,2,0,1042,4,2,4,1,2,33,2,2,1,2,1
804,0,1,12,2,0,900,4,2,4,3,3,23,2,2,1,2,1
805,0,1,24,2,0,1207,1,1,4,1,2,24,2,1,1,2,1
806,0,2,18,1,0,2278,2,1,3,1,3,28,2,2,2,2,1
807,0,1,60,3,0,6836,1,4,3,2,4,63,2,2,2,2,2
808,0,1,24,2,2,3345,1,4,4,2,2,39,2,1,1,3,2
809,0,1,6,1,3,1198,1,4,4,1,4,35,2,3,1,2,1
810,0,2,48,2,0,15672,1,2,2,2,3,23,2,2,1,2,2
811,0,1,60,2,0,7297,1,4,4,2,4,36,2,1,1,2,1
812,0,3,18,2,3,1943,1,1,4,1,1,23,2,2,1,2,1
813,0,1,18,2,3,3190,1,2,2,1,1,24,2,2,1,2,1
814,0,2,9,1,1,5129,1,4,2,1,4,74,1,3,1,3,2
815,0,3,18,3,2,1808,1,3,4,1,1,22,2,2,1,2,1
816,0,3,10,2,0,1240,2,4,1,1,4,48,2,3,1,1,1
817,0,1,12,2,0,759,1,3,4,2,1,26,2,2,1,2,1
818,0,2,8,2,2,1237,1,2,3,1,1,24,2,2,1,2,1
819,0,3,9,2,2,1980,1,1,2,1,3,19,2,1,2,2,1
820,0,2,48,2,3,10961,3,3,1,2,4,27,1,2,2,2,2
821,0,1,36,3,3,6887,1,2,4,2,2,29,1,2,1,2,2
822,0,1,24,2,3,1938,1,1,4,1,2,32,2,2,1,2,1
823,0,1,21,2,3,1835,1,2,3,1,1,25,2,2,2,2,2
824,0,1,24,3,3,1659,1,1,4,1,3,29,2,1,1,1,2
825,0,2,6,3,0,1209,1,1,4,2,2,47,2,2,1,3,2
826,0,2,48,1,0,3844,2,3,4,2,4,34,2,3,1,1,1
827,0,1,12,3,0,4843,1,4,3,2,2,43,2,1,2,2,2
828,0,2,12,2,3,639,1,2,4,2,3,30,2,2,1,2,1
829,0,2,48,2,3,5951,1,2,2,1,1,22,2,2,1,2,1
830,0,2,36,1,3,3804,1,2,4,1,3,42,2,2,1,2,2
831,0,3,36,3,3,4463,1,2,4,2,3,26,2,2,2,3,2
832,0,3,36,3,0,7980,4,1,4,2,3,27,2,1,2,2,2
833,0,3,36,2,3,4210,1,2,4,2,3,26,2,2,1,2,1
834,0,3,6,2,2,4611,1,1,1,1,2,32,2,2,1,2,1
835,0,2,24,2,1,11560,1,2,1,1,3,23,2,1,2,3,1
836,0,3,18,1,0,4165,1,2,2,2,3,36,1,2,2,2,1
837,0,2,24,2,2,4057,1,3,3,1,3,43,2,2,1,2,2
838,0,3,18,1,0,6458,1,4,2,2,4,39,1,2,2,3,2
839,0,3,12,2,0,1386,3,2,2,1,2,26,2,2,1,2,1
840,0,1,36,2,3,1977,4,4,4,2,4,40,2,2,1,3,2
841,0,2,18,3,2,1928,1,1,2,2,1,31,2,2,2,1,1
842,0,3,12,2,2,1123,3,2,4,1,3,29,2,1,1,1,1
843,0,2,24,2,0,11328,1,2,2,2,3,29,1,2,2,3,2
844,0,2,24,3,0,11938,1,2,2,2,3,39,2,2,2,3,2
845,0,2,27,3,3,2520,3,2,4,2,2,23,2,2,2,1,1
846,0,2,30,3,3,1919,2,1,4,2,4,30,1,2,2,3,1
847,0,2,60,1,0,14782,2,4,3,1,4,60,1,3,2,3,2
848,0,2,36,2,3,2671,2,2,4,1,4,50,2,3,1,2,1
849,0,2,36,2,3,12612,2,2,1,2,4,47,2,3,1,2,2
850,0,2,45,2,3,3031,2,2,4,2,2,21,2,1,1,2,1
851,0,1,12,1,3,626,1,2,4,1,1,24,1,2,1,1,1
852,0,2,24,3,0,1935,1,4,4,1,1,31,2,2,2,2,2
853,0,3,24,3,0,1344,4,3,4,2,1,37,1,2,2,1,1
854,0,3,18,2,2,1533,1,1,4,3,2,43,2,2,1,1,1
855,0,1,48,2,0,3931,1,3,4,2,4,46,2,3,1,2,1
856,0,1,24,1,2,3349,3,1,4,2,4,30,2,3,1,2,2
857,0,1,36,2,3,2302,1,2,4,1,3,31,2,1,1,2,1
858,0,1,42,2,3,3965,1,1,4,2,3,34,2,2,1,2,1
859,0,1,12,2,3,727,2,1,4,3,4,33,2,2,1,1,2
860,0,3,48,2,0,3914,4,2,4,1,1,38,1,2,1,2,1
861,0,1,48,2,0,4308,1,1,3,1,2,24,2,1,1,2,1
862,0,2,12,2,3,1534,1,1,1,3,1,23,2,1,1,2,1
863,0,3,18,3,0,2775,1,3,2,2,2,31,1,2,2,2,1
864,0,1,40,3,3,5998,1,2,4,2,4,27,1,2,1,2,2
865,0,3,15,3,3,1271,4,2,3,2,4,39,2,3,2,2,2
866,0,2,12,2,0,1295,1,1,3,1,3,25,2,1,1,2,1
867,0,2,36,2,1,9398,1,1,1,3,3,28,2,1,1,3,2
868,0,2,12,2,2,951,2,1,4,1,3,27,1,1,2,2,1
869,0,2,24,2,0,1355,1,1,3,1,3,25,2,2,1,1,2
870,0,1,48,2,3,3051,1,2,3,2,3,54,2,2,1,2,1
871,0,3,36,3,0,7855,1,2,4,1,1,25,1,2,2,2,2
872,0,3,18,2,3,433,1,1,3,1,1,22,2,1,1,2,1
873,0,3,36,3,0,9572,1,1,1,1,3,28,2,2,2,2,1
874,0,2,24,1,3,1837,1,3,4,1,4,34,1,3,1,1,1
875,0,2,30,3,0,4249,1,1,4,3,3,28,2,2,2,3,1
876,0,2,30,3,0,5234,1,1,4,3,3,28,2,2,2,3,1
877,0,1,48,2,3,6758,1,2,3,1,3,31,2,2,1,2,2
878,0,1,9,2,3,1366,1,1,3,1,2,22,2,1,1,2,1
879,0,1,24,1,0,1358,4,4,4,2,3,40,1,2,1,3,2
880,0,1,18,2,2,2473,1,1,4,2,3,25,2,2,1,1,1
881,0,3,9,1,3,1337,1,1,4,2,3,34,2,2,2,3,2
882,0,1,48,2,0,7763,1,4,4,2,4,42,1,3,1,3,1
883,0,2,15,1,0,1264,2,2,2,3,2,25,2,1,1,2,1
884,0,2,15,2,0,2631,2,2,2,1,3,28,2,1,2,2,2
885,0,2,48,2,0,6560,2,3,3,2,2,24,2,2,1,2,1
886,0,1,24,2,0,3123,1,1,4,1,2,27,2,2,1,2,1
887,0,1,36,3,3,8065,1,2,3,1,4,25,2,2,2,3,2
888,0,1,24,2,3,2439,1,1,4,1,1,35,2,2,1,2,2
889,0,2,36,2,2,9034,2,1,4,2,4,29,2,1,1,3,2
890,0,2,60,2,0,14027,1,3,4,2,4,27,2,2,1,3,2
891,0,1,36,3,1,9629,1,3,4,2,3,24,2,2,2,2,2
892,0,2,12,2,3,1484,4,2,2,3,1,25,2,2,1,2,2
893,0,1,18,2,2,1131,1,1,4,1,3,33,2,2,1,2,1
894,0,2,24,3,2,2064,1,1,3,1,2,34,2,2,1,3,2
895,0,2,18,2,1,12976,1,1,3,1,4,38,2,3,1,3,2
896,0,3,21,3,0,2580,3,1,4,2,1,41,1,2,1,1,1
897,0,3,27,2,0,2570,1,2,3,1,1,21,2,1,1,2,1
898,0,2,27,2,0,3915,1,2,4,2,3,36,2,2,1,2,2
899,0,3,10,2,0,1309,4,2,4,2,2,27,2,2,1,1,1
900,0,1,24,2,0,4817,1,3,2,2,2,31,2,2,1,2,2
901,0,1,12,2,0,2579,1,1,4,2,1,33,2,2,1,1,1
902,0,2,36,3,0,2225,1,4,4,2,4,57,1,3,2,2,2
903,0,1,18,2,2,4153,1,2,2,2,3,42,2,2,1,2,1
904,0,1,18,1,2,3114,1,1,1,1,2,26,2,1,1,2,1
905,0,1,18,3,2,2124,1,2,4,1,1,24,2,1,2,2,1
906,0,1,18,1,2,1553,1,2,4,2,3,44,1,2,1,2,1
907,0,1,30,2,2,2406,1,3,4,1,1,23,2,1,1,2,1
908,0,1,24,3,0,1333,1,1,4,2,1,43,2,3,2,2,1
909,0,1,48,1,2,7119,1,2,3,2,4,53,2,3,2,2,1
910,0,1,24,3,0,4870,1,2,3,2,4,53,2,3,2,2,1
911,0,1,12,3,0,691,1,4,4,2,2,35,2,2,2,2,1
912,0,1,42,3,3,4370,1,3,3,2,2,26,1,2,2,2,2
913,0,1,36,1,2,2746,1,4,4,2,3,31,1,2,1,2,1
914,0,1,24,1,2,4110,1,4,3,2,4,23,1,1,2,2,1
915,0,1,18,2,2,2462,1,2,2,2,3,22,2,2,1,2,1
916,0,1,12,2,2,1282,1,2,2,1,3,20,2,1,1,2,1
917,0,2,12,1,2,2969,1,1,4,1,2,25,2,1,2,2,1
918,0,1,48,1,1,4605,1,4,3,2,4,24,2,3,2,2,1
919,0,1,48,3,1,6331,1,4,4,2,4,46,2,3,2,2,2
920,0,1,24,1,2,3552,1,3,3,2,3,27,1,2,1,2,1
921,0,1,12,1,0,697,1,1,4,2,3,46,1,2,2,2,2
922,0,1,24,2,0,1442,1,3,4,1,3,23,2,1,2,2,1
923,0,1,27,1,0,5293,1,1,2,2,2,50,2,2,2,2,2
924,0,1,21,3,3,3414,1,1,2,2,2,26,1,2,2,2,1
925,0,1,18,2,2,2039,1,2,1,1,1,20,2,1,1,2,1
926,0,1,24,1,0,3161,1,2,4,2,2,31,1,1,1,2,2
927,0,1,12,2,0,902,1,3,4,3,2,21,2,1,1,2,1
928,0,1,48,2,1,10297,1,3,4,2,4,39,2,3,2,2,2
929,0,2,48,1,0,14421,1,2,2,2,3,25,1,2,1,2,2
930,0,2,18,3,0,1056,1,4,3,2,1,30,2,2,2,2,1
931,0,1,12,2,0,1274,1,1,3,1,1,37,1,2,1,1,1
932,0,2,12,2,0,1223,1,4,1,1,1,46,2,1,2,2,1
933,0,1,12,2,0,1372,1,3,2,1,3,36,2,2,1,2,1
934,0,1,16,3,0,2625,1,4,2,2,2,43,2,1,1,2,2
935,0,1,20,3,0,2235,1,2,4,3,2,33,1,1,2,2,1
936,0,2,9,2,2,959,1,2,1,1,3,29,1,2,1,2,1
937,0,2,18,3,0,884,1,4,4,2,3,36,2,2,1,2,2
938,0,2,24,2,0,1246,1,1,4,2,1,23,1,2,1,1,1
939,0,2,36,3,0,8086,2,4,2,2,3,42,1,2,2,3,2
940,0,3,48,3,0,10127,3,2,2,2,4,44,2,3,1,2,1
941,0,2,12,2,0,888,1,4,4,2,3,41,1,2,1,1,1
942,0,3,12,2,3,719,1,4,4,2,3,41,1,2,1,1,1
943,0,2,36,2,0,12389,4,2,1,2,4,37,1,3,1,2,2
944,0,1,12,2,3,709,1,4,4,2,1,57,2,2,1,1,1
945,0,2,15,1,0,6850,2,1,1,2,2,34,1,2,1,3,2
946,0,3,10,2,2,2210,1,2,2,2,1,25,2,1,1,1,1
947,0,3,30,1,1,7485,4,1,4,1,1,53,1,2,1,3,2
948,0,1,18,1,0,1442,1,3,4,2,4,32,1,3,2,1,1
949,0,3,12,3,3,797,4,4,4,1,2,33,2,2,1,1,1
950,0,2,45,3,3,4746,1,1,4,2,2,24,1,2,2,1,1
951,0,3,12,3,0,939,3,3,4,3,1,28,2,2,2,2,2
952,0,2,21,2,0,1188,1,4,2,1,2,39,2,2,1,2,1
953,0,3,48,3,1,11590,2,2,2,1,3,24,2,1,2,1,1
954,0,3,12,1,0,609,1,1,4,1,1,26,1,2,1,1,1
955,0,1,18,3,3,1190,1,1,2,1,4,55,2,3,2,1,1
956,0,2,21,2,0,2767,2,4,4,1,3,61,2,1,2,1,1
957,0,2,30,2,2,3441,2,2,2,1,3,21,1,1,1,2,1
958,0,2,30,1,0,4280,2,2,4,1,3,26,2,1,2,1,1
959,0,2,24,2,3,3092,2,1,3,3,3,22,2,1,1,2,2
960,0,3,18,2,0,6761,4,2,2,2,3,68,1,1,2,2,1
961,0,2,12,2,3,1331,1,1,2,2,3,22,2,2,1,2,1
962,0,2,54,1,0,15945,1,1,3,2,4,58,2,1,1,2,2
963,0,1,24,2,2,3234,1,1,4,1,1,23,2,1,1,1,2
964,0,2,15,2,3,802,1,4,4,2,3,37,2,2,1,2,1
965,0,2,48,2,2,9960,1,1,1,1,3,26,1,2,1,2,2
966,0,3,24,3,0,8648,1,1,2,2,3,27,1,2,2,2,2
967,0,1,18,2,3,1345,1,2,4,3,1,26,2,2,1,2,1
968,0,1,45,2,3,1845,1,2,4,2,4,23,2,3,1,2,2
969,0,1,21,1,0,1647,4,2,4,2,2,40,1,2,2,1,1
970,0,3,48,2,0,4844,1,1,3,2,3,33,2,1,1,3,2
971,0,2,27,1,0,8318,1,4,2,1,4,42,1,3,2,3,2
972,0,3,18,2,3,2100,1,2,4,2,1,37,2,2,1,2,1
973,0,1,45,1,0,11816,1,4,2,2,3,29,2,1,2,2,1
974,0,1,6,2,3,448,1,1,4,1,2,23,2,2,1,2,1
975,0,1,30,2,3,11998,1,1,1,1,4,34,1,2,1,1,2
976,0,2,48,1,0,18424,1,2,1,1,2,32,1,2,1,3,2
977,0,1,6,2,0,14896,1,4,1,2,4,68,1,2,1,3,2
978,0,2,12,2,2,2762,4,4,1,1,2,25,2,2,1,2,2
979,0,1,12,2,1,3386,1,4,3,2,4,35,2,3,1,2,2
980,0,2,24,2,3,2039,1,1,1,3,2,22,2,2,1,2,2
981,0,3,18,3,0,2169,1,2,4,3,3,28,2,2,1,2,2
982,0,2,48,3,2,5096,1,2,2,1,3,30,2,2,1,3,2
983,0,1,18,2,3,1882,1,2,4,1,3,25,1,1,2,2,1
984,0,1,48,2,3,6999,1,3,1,3,1,34,2,2,2,2,2
985,0,3,12,3,0,2292,1,1,4,2,3,42,1,2,2,3,2
986,0,1,14,2,0,8978,1,4,1,1,2,45,2,2,1,3,2
987,0,1,12,2,3,674,2,3,4,3,2,20,2,2,1,2,1
988,0,1,18,2,0,976,1,1,1,1,3,23,2,2,1,1,1
989,0,2,24,2,0,2718,1,2,3,1,2,20,2,1,1,1,2
990,0,1,18,2,3,750,1,1,4,1,1,27,2,2,1,1,1
991,0,2,24,2,1,12579,1,4,4,1,4,44,2,3,1,3,2
992,0,1,18,2,1,7511,4,4,1,2,2,51,2,3,1,2,2
993,0,1,18,3,0,3966,1,4,1,1,1,33,1,1,2,2,2
994,0,1,12,1,3,6199,1,2,4,2,2,28,2,1,2,2,2
995,0,1,24,2,3,1987,1,2,2,2,1,21,2,1,1,1,1
996,0,1,24,2,0,2303,1,4,4,2,1,45,2,2,1,2,1
997,0,3,21,3,0,12680,4,4,4,2,4,30,2,3,1,3,2
998,0,2,12,2,3,6468,4,1,2,2,4,52,2,2,1,3,2
999,0,1,30,2,2,6350,4,4,4,2,2,31,2,2,1,2,1
